firm,date,coins,usd_reserve,debt,pref_notional,shares_diluted,source
BMNR,2026-05-31,5416901,446000000,0,0,583621427,"release 000149315226026543; R = cash & marketable securities (incl. securities); D = 0 (10-Q 5/31: no debt); S anchored 10-Q 5/31 balance sheet; awards/warrants in S at close 19.27: 3,968,995; q blank (BMNP not issued)"
BMNR,2026-06-07,5543872,247000000,0,0,583751116,"release 000149315226027647; R = cash & marketable securities (incl. securities); D = 0 (10-Q 5/31: no debt); S estimated: 5/31 anchor + unexplained dR / BMNR close x 1.0704 (scaled to 7/09 anchor); awards/warrants in S at close 15.90: 3,968,995; q blank (BMNP not issued)"
BMNR,2026-06-14,5620754,502000000,0,350000000,591010186,"release 000149315226028622; R = cash & marketable securities (incl. securities); D = 0 (10-Q 5/31: no debt); S estimated: 5/31 anchor + unexplained dR / BMNR close x 1.0704 (scaled to 7/09 anchor); awards/warrants in S at close 16.11: 3,968,995; q = 0.80 issue price / $100 (BMNP not yet trading)"
BMNR,2026-06-21,5672956,601000000,0,350000000,603496591,"release 000149315226029507; R = cash & marketable securities (incl. securities); D = 0 (10-Q 5/31: no debt); S estimated: 5/31 anchor + unexplained dR / BMNR close x 1.0704 (scaled to 7/09 anchor); awards/warrants in S at close 16.14: 3,968,995; q = BMNP close / 100"
BMNR,2026-06-28,5700040,555000000,0,350000000,603496591,"release 000149315226030428; R = cash & marketable securities (incl. securities); D = 0 (10-Q 5/31: no debt); S estimated: 5/31 anchor + unexplained dR / BMNR close x 1.0704 (scaled to 7/09 anchor); awards/warrants in S at close 13.56: 3,968,995; q = BMNP close / 100"
BMNR,2026-07-05,5742237,527000000,0,350000000,606752162,"release 000149315226032090; R = cash & marketable securities (incl. securities); D = 0 (10-Q 5/31: no debt); S estimated: 5/31 anchor + unexplained dR / BMNR close x 1.0704 (scaled to 7/09 anchor); awards/warrants in S at close 14.36: 3,968,995; q = BMNP close / 100"
BMNR,2026-07-12,5770038,482000000,0,350000000,607195389,"release 000149315226032951; R = cash & marketable securities (incl. securities); D = 0 (10-Q 5/31: no debt); S anchored 10-Q cover 2026-07-09 (week holding it); awards/warrants in S at close 14.98: 3,968,995; q = BMNP close / 100"
BMNR,2026-07-19,5777468,385000000,0,350000000,601899924,"release 000149315226033855; R = cash & marketable securities (incl. securities); D = 0 (10-Q 5/31: no debt); S estimated: 7/09 anchor + unexplained dR / BMNR close (unscaled) - buybacks; awards/warrants in S at close 15.69: 3,968,995; q = BMNP close / 100"
BMNR,2026-07-26,5787414,268000000,0,350000000,595799924,"release 000149315226034720; R = cash & marketable securities (incl. securities); D = 0 (10-Q 5/31: no debt); S estimated: 7/09 anchor + unexplained dR / BMNR close (unscaled) - buybacks; awards/warrants in S at close 15.79: 3,968,995; q = BMNP close / 100"
BMNR,2026-08-02,5797813,173000000,0,350000000,591459343,"release 000149315226035752; R = cash & marketable securities (incl. securities); D = 0 (10-Q 5/31: no debt); S estimated: 7/09 anchor + unexplained dR / BMNR close (unscaled) - buybacks; awards/warrants in S at close 17.28: 3,968,995; q = BMNP close / 100"
BMNR,2026-08-09,5805238,104000000,0,350000000,588578648,"release 000149315226036757; R = cash & marketable securities (incl. securities); D = 0 (10-Q 5/31: no debt); S estimated: 7/09 anchor + unexplained dR / BMNR close (unscaled) - buybacks; awards/warrants in S at close 18.82: 3,968,995; q = BMNP close / 100"
BMNR,2026-08-16,5815164,78000000,0,350000000,588208658,"release 000149315226038652; R = cash & marketable securities (incl. securities); D = 0 (10-Q 5/31: no debt); S estimated: 7/09 anchor + unexplained dR / BMNR close (unscaled) - buybacks; awards/warrants in S at close 18.08: 3,968,995; q = BMNP close / 100"
BMNR,2026-08-23,5847611,308000000,0,350000000,602244944,"release 000149315226039789; R = cash & marketable securities (incl. securities); D = 0 (10-Q 5/31: no debt); S estimated: 7/09 anchor + unexplained dR / BMNR close (unscaled) - buybacks; awards/warrants in S at close 22.83: 4,328,119; q = BMNP close / 100"
BMNR,2026-08-30,5901112,541000000,0,350000000,617552411,"release 000149315226040741; R = cash & marketable securities (incl. securities); D = 0 (10-Q 5/31: no debt); S estimated: 7/09 anchor + unexplained dR / BMNR close (unscaled) - buybacks; awards/warrants in S at close 23.80: 4,328,119; q = BMNP close / 100"
BMNR,2026-09-07,5929198,593000000,0,350000000,622419678,"release 000149315226041713; R = cash & marketable securities (incl. securities); D = 0 (10-Q 5/31: no debt); S estimated: 7/09 anchor + unexplained dR / BMNR close (unscaled) - buybacks; awards/warrants in S at close 24.97: 4,328,119; q = BMNP close / 100"
BMNR,2026-09-13,5956378,549000000,0,350000000,623418479,"release 000149315226042492; R = cash & marketable securities (incl. securities); D = 0 (10-Q 5/31: no debt); S estimated: 7/09 anchor + unexplained dR / BMNR close (unscaled) - buybacks; awards/warrants in S at close 25.03: 4,328,119; q = BMNP close / 100"
BMNR,2026-09-20,5983940,714000000,0,350000000,632561463,"release 000149315226043486; R = cash & marketable securities (incl. securities); D = 0 (10-Q 5/31: no debt); S estimated: 7/09 anchor + unexplained dR / BMNR close (unscaled) - buybacks; awards/warrants in S at close 25.99: 4,328,119; q = BMNP close / 100"
MSTR,2026-05-31,843706,900000000,5913659000,15466860500,362011561,8-K 000119312526249768; 10-Q 6/30 roll; R = USD Reserve only (USD Cash not disclosed)
MSTR,2026-06-07,845256,1000000000,6713659000,15466860500,358079637,8-K 000119312526260709; 10-Q 6/30 roll; R = USD Reserve only (USD Cash not disclosed)
MSTR,2026-06-14,846842,1100000000,6713659000,15466860500,359812190,8-K 000119312526270311; 10-Q 6/30 roll; R = USD Reserve only (USD Cash not disclosed)
MSTR,2026-06-21,847363,1400000000,6713659000,15466860500,362527029,8-K 000119312526276717; 10-Q 6/30 roll; R = USD Reserve only (USD Cash not disclosed)
MSTR,2026-06-28,847363,2550000000,6713659000,15466860500,375196046,8-K 000119312526286871; 10-Q 6/30 roll; R = USD Reserve only (USD Cash not disclosed)
MSTR,2026-06-30,846000,2550000000,6713659000,15466860500,375196046,"8-K 000119312526295586; 10-Q 6/30 roll; R not stated, carried from 8-K 000119312526286871"
MSTR,2026-07-05,843775,2550000000,6713659000,15466860500,375196046,8-K 000119312526295586; 10-Q 6/30 roll; R = USD Reserve only (USD Cash not disclosed)
MSTR,2026-07-12,843775,3000000000,6713659000,15466860500,380014827,8-K 000119312526301483; 10-Q 6/30 roll; R = USD Reserve only (USD Cash not disclosed)
MSTR,2026-07-19,843775,3225000000,6713659000,15466860500,382747145,8-K 000119312526308369; 10-Q 6/30 roll; R = USD Reserve only (USD Cash not disclosed)
MSTR,2026-07-26,843775,3750000000,6713659000,15437967500,388176305,8-K 000119312526316917; 10-Q 6/30 roll; R = USD Reserve only (USD Cash not disclosed)
MSTR,2026-08-02,842138,4000000000,6713659000,15346753200,391187666,8-K 000119312526329565; 10-Q 6/30 roll; R = USD Reserve only (USD Cash not disclosed)
MSTR,2026-08-09,840447,4650000000,6713659000,15231551200,397773348,8-K 000119312526341297; 10-Q 6/30 roll; R = USD Reserve only (USD Cash not disclosed)
MSTR,2026-08-16,840447,4800000000,6713659000,15092679200,401232214,8-K 000119312526353240; 10-Q 6/30 roll; R = USD Reserve only (USD Cash not disclosed)
MSTR,2026-08-23,840447,6690000000,6713659000,14949558000,419493332,8-K 000119312526361845; 10-Q 6/30 roll
MSTR,2026-08-30,845050,6710000000,6713659000,14793840300,424024753,8-K 000119312526375463; 10-Q 6/30 roll
MSTR,2026-09-07,845050,6540000000,6713659000,14612751800,424024753,8-K 000119312526384402; 10-Q 6/30 roll
MSTR,2026-09-13,845050,6400000000,6713659000,14470705100,424024753,8-K 000119312526389858; 10-Q 6/30 roll
MSTR,2026-09-20,846000,6090000000,5913659000,14293581300,429366277,8-K 000119312526396093; 10-Q 6/30 roll
SBET,2026-06-16,875776,8996400,0,0,210498589,"filing 000149315226029804; filed holdings date (SharpLink states holdings only on some dates); C = Total ETH Holdings incl. LsETH and weETH as-if redeemed; R rolled from 2026-06-30 balance-sheet cash by filed cash flows (operating costs and staking revenue not itemized); D = 0, F = 0 (10-Q 6/30); S basic: 10-Q 6/30 balance sheet, rolled by filed issuance and buybacks; RSUs 1,315,859; warrants/options in S at close 5.58: 80,000; q blank (no preferred)"
SBET,2026-06-28,886725,56195000,0,0,218379167,"filing 000149315226031202; filed holdings date (SharpLink states holdings only on some dates); C = Total ETH Holdings incl. LsETH and weETH as-if redeemed; R rolled from 2026-06-30 balance-sheet cash by filed cash flows (operating costs and staking revenue not itemized); D = 0, F = 0 (10-Q 6/30); S basic: 10-Q 6/30 balance sheet, rolled by filed issuance and buybacks; RSUs 1,315,859; warrants/options in S at close 4.81: 80,000; q blank (no preferred)"
SBET,2026-06-30,886881,56195000,0,0,218379167,"filing 000149315226036741; filed holdings date (SharpLink states holdings only on some dates); C = Total ETH Holdings incl. LsETH and weETH as-if redeemed; R = cash, balance sheet; D = 0, F = 0 (10-Q 6/30); S basic: 10-Q 6/30 balance sheet; RSUs 1,315,859; warrants/options in S at close 4.80: 80,000; q blank (no preferred)"
SBET,2026-08-03,888938,56195000,0,0,221457845,"filing 000149315226036741; filed holdings date (SharpLink states holdings only on some dates); C = Total ETH Holdings incl. LsETH and weETH as-if redeemed; R rolled from 2026-06-30 balance-sheet cash by filed cash flows (operating costs and staking revenue not itemized); D = 0, F = 0 (10-Q 6/30); S basic: 10-Q cover 8/03; RSUs 2,772,234; warrants/options in S at close 6.22: 1,462,007; q blank (no preferred)"
