fetched_at,netSatsPerShare,netBtcReserve,amplification,mNav,btc_price,mstr_price
2026-09-25T16:19:32Z,157730.9538,56961379020,1.2478,1.1994,84015,158.93
2026-09-25T23:58:29Z,157744.0645,56985227760,1.2477,1.1971,84044,158.61
2026-09-26T12:41:03Z,157758.0352,57010658520,1.2476,1.1971,84074,158.61
2026-09-26T23:41:17Z,157908.9681,57286564500,1.2464,1.1971,84400,158.61
2026-09-27T23:50:50Z,157929.9973,57325175940,1.2462,1.1971,84445,158.61
2026-09-29T01:04:28Z,157416.45,56448971932.16,1.2485,1.1968,83142,157.14
2026-09-30T00:35:26Z,157628.3172,56832761190.32,1.2468,1.1743,83595,154.67
2026-10-01T00:37:49Z,157553.9702,56697609323.28,1.2474,1.1625,83435,153.09
2026-10-02T00:56:18Z,158149.1116,57794167014.2,1.2427,1.1993,84729,160.5
