date,ticker,close
2026-05-25,BTC,77258.39912360838
2026-05-25,ETH,2110.5929717502054
2026-05-26,BMNR,19.200000762939453
2026-05-26,BTC,75851.10409561773
2026-05-26,ETH,2072.3492159738144
2026-05-26,MSTR,159.92999267578125
2026-05-26,SBET,6.179999828338623
2026-05-26,STRC,99.47000122070312
2026-05-26,STRD,73.4000015258789
2026-05-26,STRF,101.0999984741211
2026-05-26,STRK,73.87999725341797
2026-05-27,BMNR,18.81999969482422
2026-05-27,BTC,74339.61694703094
2026-05-27,ETH,2022.465974317952
2026-05-27,MSTR,154.1999969482422
2026-05-27,SBET,6.0
2026-05-27,STRC,99.16999816894531
2026-05-27,STRD,73.5199966430664
2026-05-27,STRF,101.26000213623047
2026-05-27,STRK,73.4800033569336
2026-05-28,BMNR,19.25
2026-05-28,BTC,73651.64255141478
2026-05-28,ETH,2008.1144631178963
2026-05-28,MSTR,151.63999938964844
2026-05-28,SBET,6.079999923706055
2026-05-28,STRC,98.56999969482422
2026-05-28,STRD,72.5999984741211
2026-05-28,STRF,100.48999786376953
2026-05-28,STRK,73.08999633789062
2026-05-29,BMNR,19.270000457763672
2026-05-29,BTC,73500.91507629369
2026-05-29,ETH,2012.5607890669655
2026-05-29,MSTR,159.08999633789062
2026-05-29,SBET,6.110000133514404
2026-05-29,STRC,98.98999786376953
2026-05-29,STRD,70.11000061035156
2026-05-29,STRF,98.5
2026-05-29,STRK,70.2699966430664
2026-05-30,BTC,73820.30385315015
2026-05-30,ETH,2021.665390940461
2026-05-31,BTC,73598.6681238158
2026-05-31,ETH,2005.0520566280852
2026-06-01,BMNR,18.850000381469727
2026-06-01,BTC,71320.29306465392
2026-06-01,ETH,2003.5794472377934
2026-06-01,MSTR,149.77999877929688
2026-06-01,SBET,6.190000057220459
2026-06-01,STRC,98.06999969482422
2026-06-01,STRD,70.87000274658203
2026-06-01,STRF,98.8499984741211
2026-06-01,STRK,71.30000305175781
2026-06-02,BMNR,17.969999313354492
2026-06-02,BTC,66727.26415497709
2026-06-02,ETH,1858.3640479335945
2026-06-02,MSTR,136.0800018310547
2026-06-02,SBET,5.809999942779541
2026-06-02,STRC,96.70999908447266
2026-06-02,STRD,69.93499755859375
2026-06-02,STRF,96.80000305175781
2026-06-02,STRK,69.7300033569336
2026-06-03,BMNR,16.899999618530273
2026-06-03,BTC,64046.61064609333
2026-06-03,ETH,1811.7149905120527
2026-06-03,MSTR,126.55000305175781
2026-06-03,SBET,5.539999961853027
2026-06-03,STRC,94.6500015258789
2026-06-03,STRD,69.19000244140625
2026-06-03,STRF,95.75
2026-06-03,STRK,68.13999938964844
2026-06-04,BMNR,17.889999389648438
2026-06-04,BTC,63810.65923840883
2026-06-04,ETH,1769.0317333338
2026-06-04,MSTR,129.3699951171875
2026-06-04,SBET,5.71999979019165
2026-06-04,STRC,95.41999816894531
2026-06-04,STRD,70.0
2026-06-04,STRF,95.29000091552734
2026-06-04,STRK,68.25
2026-06-05,BMNR,15.899999618530273
2026-06-05,BTC,60960.10140035313
2026-06-05,ETH,1582.4588294507628
2026-06-05,MSTR,120.44000244140625
2026-06-05,SBET,5.190000057220459
2026-06-05,STRC,93.4000015258789
2026-06-05,STRD,67.69999694824219
2026-06-05,STRF,92.62999725341797
2026-06-05,STRK,65.4000015258789
2026-06-06,BTC,60855.25426528331
2026-06-06,ETH,1568.7027946407661
2026-06-07,BTC,63273.537430635515
2026-06-07,ETH,1687.8826846141703
2026-06-08,BMNR,16.850000381469727
2026-06-08,BTC,63069.147792658114
2026-06-08,ETH,1690.4950851700783
2026-06-08,MSTR,127.19999694824219
2026-06-08,SBET,5.519999980926514
2026-06-08,STRC,96.8499984741211
2026-06-08,STRD,68.6500015258789
2026-06-08,STRF,94.5
2026-06-08,STRK,67.62999725341797
2026-06-09,BMNR,16.200000762939453
2026-06-09,BTC,61669.76384194788
2026-06-09,ETH,1638.7504135601862
2026-06-09,MSTR,117.0199966430664
2026-06-09,SBET,5.320000171661377
2026-06-09,STRC,96.18000030517578
2026-06-09,STRD,68.22000122070312
2026-06-09,STRF,93.5999984741211
2026-06-09,STRK,66.05999755859375
2026-06-10,BMNR,15.640000343322754
2026-06-10,BTC,61480.144432833426
2026-06-10,ETH,1620.917390707054
2026-06-10,MSTR,115.3499984741211
2026-06-10,SBET,5.159999847412109
2026-06-10,STRC,95.80999755859375
2026-06-10,STRD,68.08999633789062
2026-06-10,STRF,93.5999984741211
2026-06-10,STRK,66.87000274658203
2026-06-11,BMNR,16.520000457763672
2026-06-11,BTC,63555.66181107698
2026-06-11,ETH,1671.86904676229
2026-06-11,MSTR,120.1500015258789
2026-06-11,SBET,5.429999828338623
2026-06-11,STRC,96.48999786376953
2026-06-11,STRD,71.08999633789062
2026-06-11,STRF,94.7300033569336
2026-06-11,STRK,68.19999694824219
2026-06-12,BMNR,16.110000610351562
2026-06-12,BTC,63532.27782485316
2026-06-12,ETH,1665.5551249935475
2026-06-12,MSTR,123.97000122070312
2026-06-12,SBET,5.510000228881836
2026-06-12,STRC,94.80000305175781
2026-06-12,STRD,71.5
2026-06-12,STRF,95.2699966430664
2026-06-12,STRK,69.57499694824219
2026-06-13,BTC,64408.80975375945
2026-06-13,ETH,1680.3055520030994
2026-06-14,BTC,65709.31094599118
2026-06-14,ETH,1725.448928079916
2026-06-15,BMNR,17.110000610351562
2026-06-15,BTC,66292.50117921834
2026-06-15,ETH,1794.9576599037732
2026-06-15,MSTR,131.13999938964844
2026-06-15,SBET,5.800000190734863
2026-06-15,STRC,95.19999694824219
2026-06-15,STRD,68.2300033569336
2026-06-15,STRF,94.55000305175781
2026-06-15,STRK,68.16000366210938
2026-06-16,BMNP,88.0999984741211
2026-06-16,BMNR,16.209999084472656
2026-06-16,BTC,65619.28080038042
2026-06-16,ETH,1791.3886783051394
2026-06-16,MSTR,122.80999755859375
2026-06-16,SBET,5.579999923706055
2026-06-16,STRC,91.79000091552734
2026-06-16,STRD,66.9000015258789
2026-06-16,STRF,92.6500015258789
2026-06-16,STRK,64.29000091552734
2026-06-17,BMNP,88.30000305175781
2026-06-17,BMNR,15.699999809265137
2026-06-17,BTC,64444.545329668814
2026-06-17,ETH,1748.7549735206103
2026-06-17,MSTR,116.55999755859375
2026-06-17,SBET,5.360000133514404
2026-06-17,STRC,89.0
2026-06-17,STRD,65.86000061035156
2026-06-17,STRF,92.94999694824219
2026-06-17,STRK,63.849998474121094
2026-06-18,BMNP,86.8499984741211
2026-06-18,BMNR,16.139999389648438
2026-06-18,BTC,62897.23855524796
2026-06-18,ETH,1710.079110757131
2026-06-18,MSTR,112.52999877929688
2026-06-18,SBET,5.289999961853027
2026-06-18,STRC,88.58999633789062
2026-06-18,STRD,62.20000076293945
2026-06-18,STRF,91.02999877929688
2026-06-18,STRK,60.529998779296875
2026-06-19,BTC,63489.81094752525
2026-06-19,ETH,1708.87855388619
2026-06-20,BTC,64253.39869532133
2026-06-20,ETH,1739.2769352743533
2026-06-21,BTC,63255.48525259375
2026-06-21,ETH,1704.9130137257484
2026-06-22,BMNP,87.86000061035156
2026-06-22,BMNR,15.859999656677246
2026-06-22,BTC,63937.28526422244
2026-06-22,ETH,1725.1620208904676
2026-06-22,MSTR,109.45999908447266
2026-06-22,SBET,5.309999942779541
2026-06-22,STRC,88.79000091552734
2026-06-22,STRD,63.119998931884766
2026-06-22,STRF,91.3499984741211
2026-06-22,STRK,60.20000076293945
2026-06-23,BMNP,86.77999877929688
2026-06-23,BMNR,15.130000114440918
2026-06-23,BTC,62662.29201921944
2026-06-23,ETH,1665.7162407218393
2026-06-23,MSTR,103.83999633789062
2026-06-23,SBET,4.96999979019165
2026-06-23,STRC,87.30999755859375
2026-06-23,STRD,61.75
2026-06-23,STRF,91.62999725341797
2026-06-23,STRK,60.349998474121094
2026-06-24,BMNP,84.2699966430664
2026-06-24,BMNR,14.020000457763672
2026-06-24,BTC,60989.57352152134
2026-06-24,ETH,1620.6434082953833
2026-06-24,MSTR,94.12999725341797
2026-06-24,SBET,4.71999979019165
2026-06-24,STRC,80.83999633789062
2026-06-24,STRD,55.45500183105469
2026-06-24,STRF,88.6500015258789
2026-06-24,STRK,55.459999084472656
2026-06-25,BMNP,81.41000366210938
2026-06-25,BMNR,13.319999694824219
2026-06-25,BTC,59726.73653480851
2026-06-25,ETH,1566.0081297519519
2026-06-25,MSTR,85.33000183105469
2026-06-25,SBET,4.559999942779541
2026-06-25,STRC,75.69000244140625
2026-06-25,STRD,50.0
2026-06-25,STRF,88.33000183105469
2026-06-25,STRK,51.720001220703125
2026-06-26,BMNP,81.01000213623047
2026-06-26,BMNR,13.5600004196167
2026-06-26,BTC,60022.32566638378
2026-06-26,ETH,1576.9176481850786
2026-06-26,MSTR,82.30999755859375
2026-06-26,SBET,4.809999942779541
2026-06-26,STRC,74.56999969482422
2026-06-26,STRD,53.47999954223633
2026-06-26,STRF,84.37000274658203
2026-06-26,STRK,53.790000915527344
2026-06-27,BTC,59953.443344011124
2026-06-27,ETH,1571.9371269098212
2026-06-28,BTC,59494.606386317784
2026-06-28,ETH,1570.0805519413402
2026-06-29,BMNP,83.91999816894531
2026-06-29,BMNR,13.800000190734863
2026-06-29,BTC,60152.35872063589
2026-06-29,ETH,1609.751185572177
2026-06-29,MSTR,92.68000030517578
2026-06-29,SBET,4.920000076293945
2026-06-29,STRC,83.66999816894531
2026-06-29,STRD,56.25
2026-06-29,STRF,91.9800033569336
2026-06-29,STRK,59.4900016784668
2026-06-30,BMNP,81.02999877929688
2026-06-30,BMNR,13.3100004196167
2026-06-30,BTC,58566.091991843154
2026-06-30,ETH,1569.8271747749748
2026-06-30,MSTR,86.93000030517578
2026-06-30,SBET,4.800000190734863
2026-06-30,STRC,84.86000061035156
2026-06-30,STRD,56.279998779296875
2026-06-30,STRF,92.69999694824219
2026-06-30,STRK,58.81999969482422
2026-07-01,BMNP,81.54000091552734
2026-07-01,BMNR,14.149999618530273
2026-07-01,BTC,59967.685041718134
2026-07-01,ETH,1608.254387223296
2026-07-01,MSTR,93.38999938964844
2026-07-01,SBET,5.170000076293945
2026-07-01,STRC,87.45999908447266
2026-07-01,STRD,60.27000045776367
2026-07-01,STRF,94.7699966430664
2026-07-01,STRK,60.68000030517578
2026-07-02,BMNP,83.33000183105469
2026-07-02,BMNR,14.359999656677246
2026-07-02,BTC,61490.21448471664
2026-07-02,ETH,1698.5610521616197
2026-07-02,MSTR,100.7699966430664
2026-07-02,SBET,5.309999942779541
2026-07-02,STRC,87.87000274658203
2026-07-02,STRD,60.959999084472656
2026-07-02,STRF,95.58000183105469
2026-07-02,STRK,61.459999084472656
2026-07-03,BTC,62553.61289177051
2026-07-03,ETH,1756.9804642496356
2026-07-04,BTC,63088.406753852214
2026-07-04,ETH,1779.908385139636
2026-07-05,BTC,63586.102141021256
2026-07-05,ETH,1784.2622991817525
2026-07-06,BMNP,86.20999908447266
2026-07-06,BMNR,15.550000190734863
2026-07-06,BTC,64001.23542391328
2026-07-06,ETH,1798.557105022033
2026-07-06,MSTR,100.7699966430664
2026-07-06,SBET,5.670000076293945
2026-07-06,STRC,88.58000183105469
2026-07-06,STRD,62.470001220703125
2026-07-06,STRF,97.58000183105469
2026-07-06,STRK,62.9900016784668
2026-07-07,BMNP,84.69999694824219
2026-07-07,BMNR,14.800000190734863
2026-07-07,BTC,63335.30929080668
2026-07-07,ETH,1771.2223954004269
2026-07-07,MSTR,97.36000061035156
2026-07-07,SBET,5.449999809265137
2026-07-07,STRC,86.55999755859375
2026-07-07,STRD,61.68000030517578
2026-07-07,STRF,96.76000213623047
2026-07-07,STRK,61.650001525878906
2026-07-08,BMNP,84.9000015258789
2026-07-08,BMNR,14.859999656677246
2026-07-08,BTC,62247.1304822092
2026-07-08,ETH,1742.2494536901065
2026-07-08,MSTR,93.87000274658203
2026-07-08,SBET,5.429999828338623
2026-07-08,STRC,86.16999816894531
2026-07-08,STRD,60.849998474121094
2026-07-08,STRF,96.27999877929688
2026-07-08,STRK,60.41999816894531
2026-07-09,BMNP,85.87999725341797
2026-07-09,BMNR,14.6899995803833
2026-07-09,BTC,63192.8789720319
2026-07-09,ETH,1744.6953884606253
2026-07-09,MSTR,93.88999938964844
2026-07-09,SBET,5.320000171661377
2026-07-09,STRC,85.70999908447266
2026-07-09,STRD,61.0099983215332
2026-07-09,STRF,95.9000015258789
2026-07-09,STRK,60.38999938964844
2026-07-10,BMNP,85.72000122070312
2026-07-10,BMNR,14.979999542236328
2026-07-10,BTC,64110.97482196822
2026-07-10,ETH,1795.2394655119474
2026-07-10,MSTR,94.63999938964844
2026-07-10,SBET,5.510000228881836
2026-07-10,STRC,87.4800033569336
2026-07-10,STRD,60.7599983215332
2026-07-10,STRF,96.08999633789062
2026-07-10,STRK,60.95000076293945
2026-07-11,BTC,63791.35305345348
2026-07-11,ETH,1787.9485944322748
2026-07-12,BTC,63746.65595793199
2026-07-12,ETH,1805.4862853704624
2026-07-13,BMNP,86.0999984741211
2026-07-13,BMNR,14.609999656677246
2026-07-13,BTC,62278.96301585648
2026-07-13,ETH,1774.0909253483635
2026-07-13,MSTR,92.0999984741211
2026-07-13,SBET,5.420000076293945
2026-07-13,STRC,87.0199966430664
2026-07-13,STRD,59.900001525878906
2026-07-13,STRF,95.06999969482422
2026-07-13,STRK,60.36000061035156
2026-07-14,BMNP,85.98999786376953
2026-07-14,BMNR,16.290000915527344
2026-07-14,BTC,64983.51907427709
2026-07-14,ETH,1890.3093923843837
2026-07-14,MSTR,97.58000183105469
2026-07-14,SBET,5.949999809265137
2026-07-14,STRC,88.20999908447266
2026-07-14,STRD,60.459999084472656
2026-07-14,STRF,95.05999755859375
2026-07-14,STRK,60.9900016784668
2026-07-15,BMNP,86.12999725341797
2026-07-15,BMNR,15.789999961853027
2026-07-15,BTC,64717.168891130066
2026-07-15,ETH,1916.7586464879018
2026-07-15,MSTR,97.47000122070312
2026-07-15,SBET,6.079999923706055
2026-07-15,STRC,87.77999877929688
2026-07-15,STRD,60.650001525878906
2026-07-15,STRF,95.2699966430664
2026-07-15,STRK,61.400001525878906
2026-07-16,BMNP,86.30999755859375
2026-07-16,BMNR,15.4399995803833
2026-07-16,BTC,63792.28742743447
2026-07-16,ETH,1863.0065007127855
2026-07-16,MSTR,94.02999877929688
2026-07-16,SBET,5.739999771118164
2026-07-16,STRC,85.41999816894531
2026-07-16,STRD,59.790000915527344
2026-07-16,STRF,94.93000030517578
2026-07-16,STRK,61.029998779296875
2026-07-17,BMNP,85.88999938964844
2026-07-17,BMNR,15.6899995803833
2026-07-17,BTC,63904.954014943025
2026-07-17,ETH,1840.7681193183653
2026-07-17,MSTR,94.8499984741211
2026-07-17,SBET,5.670000076293945
2026-07-17,STRC,85.29000091552734
2026-07-17,STRD,60.0099983215332
2026-07-17,STRF,96.11000061035156
2026-07-17,STRK,61.72999954223633
2026-07-18,BTC,64795.70382303786
2026-07-18,ETH,1862.32234801627
2026-07-19,BTC,64670.40117470696
2026-07-19,ETH,1870.8170349782704
2026-07-20,BMNP,85.94000244140625
2026-07-20,BMNR,16.6299991607666
2026-07-20,BTC,65184.92144270268
2026-07-20,ETH,1901.7735152870935
2026-07-20,MSTR,97.81999969482422
2026-07-20,SBET,6.139999866485596
2026-07-20,STRC,87.0999984741211
2026-07-20,STRD,61.66999816894531
2026-07-20,STRF,95.5
2026-07-20,STRK,61.150001525878906
2026-07-21,BMNP,86.75
2026-07-21,BMNR,17.229999542236328
2026-07-21,BTC,66520.98164575922
2026-07-21,ETH,1928.6558956703082
2026-07-21,MSTR,101.94999694824219
2026-07-21,SBET,6.269999980926514
2026-07-21,STRC,88.16000366210938
2026-07-21,STRD,61.59000015258789
2026-07-21,STRF,98.0
2026-07-21,STRK,62.77000045776367
2026-07-22,BMNP,86.75
2026-07-22,BMNR,17.739999771118164
2026-07-22,BTC,66077.05646514206
2026-07-22,ETH,1933.4132583162384
2026-07-22,MSTR,100.01000213623047
2026-07-22,SBET,6.320000171661377
2026-07-22,STRC,87.44999694824219
2026-07-22,STRD,60.75
2026-07-22,STRF,98.0199966430664
2026-07-22,STRK,62.290000915527344
2026-07-23,BMNP,86.75
2026-07-23,BMNR,16.59000015258789
2026-07-23,BTC,65052.47667067735
2026-07-23,ETH,1877.460607698635
2026-07-23,MSTR,93.62999725341797
2026-07-23,SBET,6.0
2026-07-23,STRC,84.94000244140625
2026-07-23,STRD,60.34000015258789
2026-07-23,STRF,97.18000030517578
2026-07-23,STRK,61.11000061035156
2026-07-24,BMNP,86.4000015258789
2026-07-24,BMNR,15.789999961853027
2026-07-24,BTC,64092.64739795451
2026-07-24,ETH,1860.4425012275274
2026-07-24,MSTR,91.66999816894531
2026-07-24,SBET,5.809999942779541
2026-07-24,STRC,86.88500213623047
2026-07-24,STRD,60.150001525878906
2026-07-24,STRF,97.22000122070312
2026-07-24,STRK,60.560001373291016
2026-07-25,BTC,64318.24520120312
2026-07-25,ETH,1874.4572768280736
2026-07-26,BTC,65343.824510845894
2026-07-26,ETH,1952.9020070235085
2026-07-27,BMNP,88.0999984741211
2026-07-27,BMNR,17.920000076293945
2026-07-27,BTC,63701.35288114535
2026-07-27,ETH,1890.4523208978708
2026-07-27,MSTR,98.6500015258789
2026-07-27,SBET,6.380000114440918
2026-07-27,STRC,88.31999969482422
2026-07-27,STRD,60.18000030517578
2026-07-27,STRF,97.7229995727539
2026-07-27,STRK,62.150001525878906
2026-07-28,BMNP,88.47000122070312
2026-07-28,BMNR,17.56999969482422
2026-07-28,BTC,63881.94327943538
2026-07-28,ETH,1920.4888660862466
2026-07-28,MSTR,96.16000366210938
2026-07-28,SBET,6.440000057220459
2026-07-28,STRC,88.22000122070312
2026-07-28,STRD,59.84000015258789
2026-07-28,STRF,96.36000061035156
2026-07-28,STRK,62.459999084472656
2026-07-29,BMNP,88.4000015258789
2026-07-29,BMNR,16.59000015258789
2026-07-29,BTC,63916.59794922001
2026-07-29,ETH,1908.7417326276595
2026-07-29,MSTR,93.33000183105469
2026-07-29,SBET,6.139999866485596
2026-07-29,STRC,87.51000213623047
2026-07-29,STRD,60.61000061035156
2026-07-29,STRF,96.94000244140625
2026-07-29,STRK,62.900001525878906
2026-07-30,BMNP,88.55000305175781
2026-07-30,BMNR,18.079999923706055
2026-07-30,BTC,64743.33714554026
2026-07-30,ETH,1917.5713635462077
2026-07-30,MSTR,97.73999786376953
2026-07-30,SBET,6.409999847412109
2026-07-30,STRC,89.5
2026-07-30,STRD,60.150001525878906
2026-07-30,STRF,98.0
2026-07-30,STRK,63.02000045776367
2026-07-31,BMNP,89.0
2026-07-31,BMNR,17.280000686645508
2026-07-31,BTC,62820.08613814001
2026-07-31,ETH,1860.5923268286904
2026-07-31,MSTR,93.27999877929688
2026-07-31,SBET,6.119999885559082
2026-07-31,STRC,89.45999908447266
2026-07-31,STRD,57.88999938964844
2026-07-31,STRF,94.76000213623047
2026-07-31,STRK,59.560001373291016
2026-08-01,BTC,62772.57726413174
2026-08-01,ETH,1843.443563411847
2026-08-02,BTC,63504.41559755184
2026-08-02,ETH,1882.9305589557664
2026-08-03,BMNP,89.0
2026-08-03,BMNR,17.420000076293945
2026-08-03,BTC,63465.19968911304
2026-08-03,ETH,1858.5376969949996
2026-08-03,MSTR,94.86000061035156
2026-08-03,SBET,6.21999979019165
2026-08-03,STRC,92.31999969482422
2026-08-03,STRD,59.59000015258789
2026-08-03,STRF,95.91000366210938
2026-08-03,STRK,61.79999923706055
2026-08-04,BMNP,89.13999938964844
2026-08-04,BMNR,18.100000381469727
2026-08-04,BTC,64062.173729779366
2026-08-04,ETH,1868.621381582403
2026-08-04,MSTR,97.6500015258789
2026-08-04,SBET,6.320000171661377
2026-08-04,STRC,92.52999877929688
2026-08-04,STRD,61.36000061035156
2026-08-04,STRF,95.69999694824219
2026-08-04,STRK,63.20000076293945
2026-08-05,BMNP,89.26000213623047
2026-08-05,BMNR,18.43000030517578
2026-08-05,BTC,64608.705388357404
2026-08-05,ETH,1907.4360439632449
2026-08-05,MSTR,98.37000274658203
2026-08-05,SBET,6.360000133514404
2026-08-05,STRC,94.0999984741211
2026-08-05,STRD,62.869998931884766
2026-08-05,STRF,96.29000091552734
2026-08-05,STRK,64.91000366210938
2026-08-06,BMNP,89.30999755859375
2026-08-06,BMNR,18.299999237060547
2026-08-06,BTC,64262.74830979173
2026-08-06,ETH,1902.1622720657638
2026-08-06,MSTR,96.8499984741211
2026-08-06,SBET,6.289999961853027
2026-08-06,STRC,94.05999755859375
2026-08-06,STRD,63.189998626708984
2026-08-06,STRF,95.80999755859375
2026-08-06,STRK,65.25
2026-08-07,BMNP,89.30000305175781
2026-08-07,BMNR,18.81999969482422
2026-08-07,BTC,64879.7560855934
2026-08-07,ETH,1912.9851571036106
2026-08-07,MSTR,100.01000213623047
2026-08-07,SBET,6.429999828338623
2026-08-07,STRC,95.01000213623047
2026-08-07,STRD,66.0
2026-08-07,STRF,96.0
2026-08-07,STRK,67.05000305175781
2026-08-08,BTC,64917.23929330571
2026-08-08,ETH,1915.447810935271
2026-08-09,BTC,64856.097825382276
2026-08-09,ETH,1908.940734099038
2026-08-10,BMNP,89.87999725341797
2026-08-10,BMNR,18.100000381469727
2026-08-10,BTC,63915.71213556821
2026-08-10,ETH,1871.3976551883159
2026-08-10,MSTR,97.33000183105469
2026-08-10,SBET,6.179999828338623
2026-08-10,STRC,94.3499984741211
2026-08-10,STRD,67.18000030517578
2026-08-10,STRF,95.98999786376953
2026-08-10,STRK,67.55999755859375
2026-08-11,BMNP,90.19999694824219
2026-08-11,BMNR,18.09000015258789
2026-08-11,BTC,63537.55988964766
2026-08-11,ETH,1880.4862005694617
2026-08-11,MSTR,96.08999633789062
2026-08-11,SBET,6.230000019073486
2026-08-11,STRC,95.31999969482422
2026-08-11,STRD,68.18000030517578
2026-08-11,STRF,96.29000091552734
2026-08-11,STRK,68.3499984741211
2026-08-12,BMNP,90.18000030517578
2026-08-12,BMNR,17.889999389648438
2026-08-12,BTC,63408.625697113624
2026-08-12,ETH,1877.743530062547
2026-08-12,MSTR,94.83000183105469
2026-08-12,SBET,6.179999828338623
2026-08-12,STRC,95.31500244140625
2026-08-12,STRD,68.18000030517578
2026-08-12,STRF,96.01000213623047
2026-08-12,STRK,68.05000305175781
2026-08-13,BMNP,90.19999694824219
2026-08-13,BMNR,18.290000915527344
2026-08-13,BTC,63429.17906286841
2026-08-13,ETH,1884.3941576877892
2026-08-13,MSTR,97.0999984741211
2026-08-13,SBET,6.320000171661377
2026-08-13,STRC,95.7699966430664
2026-08-13,STRD,68.66999816894531
2026-08-13,STRF,96.27999877929688
2026-08-13,STRK,66.91999816894531
2026-08-14,BMNP,90.5999984741211
2026-08-14,BMNR,18.079999923706055
2026-08-14,BTC,62984.28959582886
2026-08-14,ETH,1880.3285280890423
2026-08-14,MSTR,93.04000091552734
2026-08-14,SBET,6.260000228881836
2026-08-14,STRC,94.77999877929688
2026-08-14,STRD,67.83000183105469
2026-08-14,STRF,96.20999908447266
2026-08-14,STRK,68.5999984741211
2026-08-15,BTC,63031.04825975698
2026-08-15,ETH,1880.9591561894488
2026-08-16,BTC,62843.70368466329
2026-08-16,ETH,1874.401898191962
2026-08-17,BMNP,90.80000305175781
2026-08-17,BMNR,18.729999542236328
2026-08-17,BTC,64491.345282946255
2026-08-17,ETH,1912.2734691708965
2026-08-17,MSTR,97.68000030517578
2026-08-17,SBET,6.510000228881836
2026-08-17,STRC,94.36000061035156
2026-08-17,STRD,68.7300033569336
2026-08-17,STRF,96.02999877929688
2026-08-17,STRK,68.6500015258789
2026-08-18,BMNP,91.0
2026-08-18,BMNR,18.280000686645508
2026-08-18,BTC,64686.25782561655
2026-08-18,ETH,1916.3998901478055
2026-08-18,MSTR,92.5199966430664
2026-08-18,SBET,6.289999961853027
2026-08-18,STRC,94.01000213623047
2026-08-18,STRD,68.41999816894531
2026-08-18,STRF,95.91000366210938
2026-08-18,STRK,65.77999877929688
2026-08-19,BMNP,91.4000015258789
2026-08-19,BMNR,20.239999771118164
2026-08-19,BTC,69291.0104297816
2026-08-19,ETH,2251.7346140069594
2026-08-19,MSTR,104.25
2026-08-19,SBET,7.079999923706055
2026-08-19,STRC,95.30999755859375
2026-08-19,STRD,69.25
2026-08-19,STRF,96.9000015258789
2026-08-19,STRK,68.2300033569336
2026-08-20,BMNP,91.9000015258789
2026-08-20,BMNR,21.56999969482422
2026-08-20,BTC,73020.94563440893
2026-08-20,ETH,2326.5282334236576
2026-08-20,MSTR,112.38999938964844
2026-08-20,SBET,7.590000152587891
2026-08-20,STRC,95.25
2026-08-20,STRD,70.80000305175781
2026-08-20,STRF,97.6500015258789
2026-08-20,STRK,69.70999908447266
2026-08-21,BMNP,93.26000213623047
2026-08-21,BMNR,22.829999923706055
2026-08-21,BTC,78317.77716345884
2026-08-21,ETH,2514.967577695514
2026-08-21,MSTR,119.25
2026-08-21,SBET,7.909999847412109
2026-08-21,STRC,96.18000030517578
2026-08-21,STRD,72.5
2026-08-21,STRF,99.56999969482422
2026-08-21,STRK,72.26000213623047
2026-08-22,BTC,77081.02299000922
2026-08-22,ETH,2423.4127407436827
2026-08-23,BTC,77712.3200924702
2026-08-23,ETH,2462.403924751607
2026-08-24,BMNP,94.08999633789062
2026-08-24,BMNR,24.139999389648438
2026-08-24,BTC,78973.88693602335
2026-08-24,ETH,2481.879430655568
2026-08-24,MSTR,122.62999725341797
2026-08-24,SBET,8.270000457763672
2026-08-24,STRC,97.20999908447266
2026-08-24,STRD,72.69000244140625
2026-08-24,STRF,101.0
2026-08-24,STRK,72.75
2026-08-25,BMNP,94.7699966430664
2026-08-25,BMNR,24.81999969482422
2026-08-25,BTC,78511.2331116067
2026-08-25,ETH,2442.0111121033965
2026-08-25,MSTR,126.83000183105469
2026-08-25,SBET,8.350000381469727
2026-08-25,STRC,97.1500015258789
2026-08-25,STRD,73.22000122070312
2026-08-25,STRF,100.88999938964844
2026-08-25,STRK,73.37999725341797
2026-08-26,BMNP,95.0999984741211
2026-08-26,BMNR,24.90999984741211
2026-08-26,BTC,79018.03405750773
2026-08-26,ETH,2506.3431057180687
2026-08-26,MSTR,123.19000244140625
2026-08-26,SBET,8.319999694824219
2026-08-26,STRC,97.16000366210938
2026-08-26,STRD,73.02999877929688
2026-08-26,STRF,101.55000305175781
2026-08-26,STRK,73.94999694824219
2026-08-27,BMNP,96.70999908447266
2026-08-27,BMNR,25.6299991607666
2026-08-27,BTC,80268.37474707834
2026-08-27,ETH,2511.461241063819
2026-08-27,MSTR,137.39999389648438
2026-08-27,SBET,8.880000114440918
2026-08-27,STRC,98.0
2026-08-27,STRD,73.83999633789062
2026-08-27,STRF,102.58000183105469
2026-08-27,STRK,73.75
2026-08-28,BMNP,96.69000244140625
2026-08-28,BMNR,23.799999237060547
2026-08-28,BTC,77820.76428719184
2026-08-28,ETH,2442.407614756763
2026-08-28,MSTR,127.30999755859375
2026-08-28,SBET,8.199999809265137
2026-08-28,STRC,97.33000183105469
2026-08-28,STRD,72.05000305175781
2026-08-28,STRF,101.6500015258789
2026-08-28,STRK,71.7300033569336
2026-08-29,BTC,78225.13950818499
2026-08-29,ETH,2457.089335222437
2026-08-30,BTC,77658.23133225394
2026-08-30,ETH,2416.2418165172735
2026-08-31,BMNP,98.1500015258789
2026-08-31,BMNR,25.31999969482422
2026-08-31,BTC,78552.77932895812
2026-08-31,ETH,2466.565659094493
2026-08-31,MSTR,132.94000244140625
2026-08-31,SBET,8.630000114440918
2026-08-31,STRC,97.0999984741211
2026-08-31,STRD,72.5
2026-08-31,STRF,102.44000244140625
2026-08-31,STRK,72.6500015258789
2026-09-01,BMNP,97.81999969482422
2026-09-01,BMNR,23.3700008392334
2026-09-01,BTC,77416.44110979848
2026-09-01,ETH,2417.6758884733536
2026-09-01,MSTR,124.87999725341797
2026-09-01,SBET,8.149999618530273
2026-09-01,STRC,96.80000305175781
2026-09-01,STRD,72.8499984741211
2026-09-01,STRF,102.83999633789062
2026-09-01,STRK,73.26000213623047
2026-09-02,BMNP,98.19999694824219
2026-09-02,BMNR,23.059999465942383
2026-09-02,BTC,77297.13347191992
2026-09-02,ETH,2390.783044679688
2026-09-02,MSTR,123.19000244140625
2026-09-02,SBET,8.100000381469727
2026-09-02,STRC,97.06999969482422
2026-09-02,STRD,73.26499938964844
2026-09-02,STRF,103.01000213623047
2026-09-02,STRK,74.26000213623047
2026-09-03,BMNP,97.93000030517578
2026-09-03,BMNR,26.450000762939453
2026-09-03,BTC,81264.70153038795
2026-09-03,ETH,2507.6482840896088
2026-09-03,MSTR,144.82000732421875
2026-09-03,SBET,8.979999542236328
2026-09-03,STRC,97.81999969482422
2026-09-03,STRD,75.8499984741211
2026-09-03,STRF,104.4000015258789
2026-09-03,STRK,77.0999984741211
2026-09-04,BMNP,98.11000061035156
2026-09-04,BMNR,24.969999313354492
2026-09-04,BTC,79671.25767420157
2026-09-04,ETH,2456.085066364875
2026-09-04,MSTR,142.8000030517578
2026-09-04,SBET,8.680000305175781
2026-09-04,STRC,97.75
2026-09-04,STRD,75.9000015258789
2026-09-04,STRF,104.30000305175781
2026-09-04,STRK,77.7699966430664
2026-09-05,BTC,79821.69873179746
2026-09-05,ETH,2480.0031686031184
2026-09-06,BTC,80329.3478460037
2026-09-06,ETH,2514.0092688310365
2026-09-07,BTC,79093.4641898418
2026-09-07,ETH,2489.3967543757462
2026-09-08,BMNP,98.0
2026-09-08,BMNR,24.770000457763672
2026-09-08,BTC,78450.75303870205
2026-09-08,ETH,2485.0697039871584
2026-09-08,MSTR,136.52000427246094
2026-09-08,SBET,8.819999694824219
2026-09-08,STRC,98.04000091552734
2026-09-08,STRD,75.52999877929688
2026-09-08,STRF,104.38999938964844
2026-09-08,STRK,78.1500015258789
2026-09-09,BMNP,97.9000015258789
2026-09-09,BMNR,24.209999084472656
2026-09-09,BTC,78283.06047169256
2026-09-09,ETH,2467.529167979314
2026-09-09,MSTR,132.6999969482422
2026-09-09,SBET,8.539999961853027
2026-09-09,STRC,97.8499984741211
2026-09-09,STRD,75.01000213623047
2026-09-09,STRF,103.8499984741211
2026-09-09,STRK,76.30000305175781
2026-09-10,BMNP,97.75
2026-09-10,BMNR,24.200000762939453
2026-09-10,BTC,76554.98664973286
2026-09-10,ETH,2437.514812545618
2026-09-10,MSTR,128.55999755859375
2026-09-10,SBET,8.430000305175781
2026-09-10,STRC,97.97000122070312
2026-09-10,STRD,75.12999725341797
2026-09-10,STRF,103.8499984741211
2026-09-10,STRK,76.01000213623047
2026-09-11,BMNP,98.63999938964844
2026-09-11,BMNR,25.030000686645508
2026-09-11,BTC,77203.53444805603
2026-09-11,ETH,2514.846819245876
2026-09-11,MSTR,130.97000122070312
2026-09-11,SBET,8.880000114440918
2026-09-11,STRC,98.63999938964844
2026-09-11,STRD,75.68000030517578
2026-09-11,STRF,103.91999816894531
2026-09-11,STRK,76.0
2026-09-12,BTC,77261.62722069985
2026-09-12,ETH,2525.267261590238
2026-09-13,BTC,76819.04496746542
2026-09-13,ETH,2476.682526163658
2026-09-14,BMNP,99.0199966430664
2026-09-14,BMNR,25.760000228881836
2026-09-14,BTC,78173.35158344489
2026-09-14,ETH,2514.759550467769
2026-09-14,MSTR,136.94000244140625
2026-09-14,SBET,9.149999618530273
2026-09-14,STRC,98.91000366210938
2026-09-14,STRD,75.33999633789062
2026-09-14,STRF,104.3499984741211
2026-09-14,STRK,75.66999816894531
2026-09-15,BMNP,97.83999633789062
2026-09-15,BMNR,23.600000381469727
2026-09-15,BTC,75590.24471973324
2026-09-15,ETH,2397.4972601650115
2026-09-15,MSTR,129.60000610351562
2026-09-15,SBET,8.329999923706055
2026-09-15,STRC,97.13999938964844
2026-09-15,STRD,72.0
2026-09-15,STRF,102.69999694824219
2026-09-15,STRK,71.06999969482422
2026-09-16,BMNP,97.75
2026-09-16,BMNR,22.809999465942383
2026-09-16,BTC,76146.81236783884
2026-09-16,ETH,2415.9596535242995
2026-09-16,MSTR,126.18000030517578
2026-09-16,SBET,7.980000019073486
2026-09-16,STRC,97.06999969482422
2026-09-16,STRD,70.61000061035156
2026-09-16,STRF,102.80000305175781
2026-09-16,STRK,68.66999816894531
2026-09-17,BMNP,97.47000122070312
2026-09-17,BMNR,23.889999389648438
2026-09-17,BTC,76371.3617203135
2026-09-17,ETH,2446.143252227872
2026-09-17,MSTR,132.25
2026-09-17,SBET,8.260000228881836
2026-09-17,STRC,98.12999725341797
2026-09-17,STRD,71.5999984741211
2026-09-17,STRF,103.94000244140625
2026-09-17,STRK,69.8499984741211
2026-09-18,BMNP,97.91000366210938
2026-09-18,BMNR,25.989999771118164
2026-09-18,BTC,80873.58287659245
2026-09-18,ETH,2611.5555571198493
2026-09-18,MSTR,153.9199981689453
2026-09-18,SBET,9.350000381469727
2026-09-18,STRC,98.51000213623047
2026-09-18,STRD,74.19000244140625
2026-09-18,STRF,104.0
2026-09-18,STRK,75.41999816894531
2026-09-19,BTC,81236.41383660372
2026-09-19,ETH,2632.0095970320526
2026-09-20,BTC,81169.03511950027
2026-09-20,ETH,2644.7349398187544
2026-09-21,BMNP,98.75
2026-09-21,BMNR,28.25
2026-09-21,BTC,86596.74004249526
2026-09-21,ETH,2775.1686826711957
2026-09-21,MSTR,168.5
2026-09-21,SBET,9.979999542236328
2026-09-21,STRC,98.77999877929688
2026-09-21,STRD,74.37000274658203
2026-09-21,STRF,103.31999969482422
2026-09-21,STRK,76.27999877929688
2026-09-22,BMNP,99.36000061035156
2026-09-22,BMNR,28.760000228881836
2026-09-22,BTC,86183.29442787907
2026-09-22,ETH,2752.629093198004
2026-09-22,MSTR,167.3300018310547
2026-09-22,SBET,10.229999542236328
2026-09-22,STRC,99.05999755859375
2026-09-22,STRD,73.22000122070312
2026-09-22,STRF,103.51000213623047
2026-09-22,STRK,74.61000061035156
2026-09-23,BMNP,99.5
2026-09-23,BMNR,27.459999084472656
2026-09-23,BTC,84382.39990356649
2026-09-23,ETH,2684.342871490596
2026-09-23,MSTR,162.1999969482422
2026-09-23,SBET,9.8100004196167
2026-09-23,STRC,98.91000366210938
2026-09-23,STRD,73.19999694824219
2026-09-23,STRF,103.80000305175781
2026-09-23,STRK,73.25
2026-09-24,BMNP,99.5
2026-09-24,BMNR,28.030000686645508
2026-09-24,BTC,84377.96508359577
2026-09-24,ETH,2687.1259839506374
2026-09-24,MSTR,161.61000061035156
2026-09-24,SBET,9.949999809265137
2026-09-24,STRC,98.30999755859375
2026-09-24,STRD,72.0999984741211
2026-09-24,STRF,103.27999877929688
2026-09-24,STRK,73.58999633789062
2026-09-25,BMNP,99.45999908447266
2026-09-25,BMNR,27.559999465942383
2026-09-25,BTC,84075.71659039952
2026-09-25,ETH,2690.8886985219224
2026-09-25,MSTR,158.61000061035156
2026-09-25,SBET,9.630000114440918
2026-09-25,STRC,98.54000091552734
2026-09-25,STRD,73.72000122070312
2026-09-25,STRF,103.66000366210938
2026-09-25,STRK,74.88999938964844
